year,link
2018,/worldcup/matches/match/300331503/
2018,/worldcup/matches/match/300353632/
2018,/worldcup/matches/match/300331526/
2018,/worldcup/matches/match/300331524/
2018,/worldcup/matches/match/300331533/
2018,/worldcup/matches/match/300331515/
2018,/worldcup/matches/match/300331528/
2018,/worldcup/matches/match/300331523/
2018,/worldcup/matches/match/300331529/
2018,/worldcup/matches/match/300331502/
2018,/worldcup/matches/match/300331525/
2018,/worldcup/matches/match/300331499/
2018,/worldcup/matches/match/300331539/
2018,/worldcup/matches/match/300331554/
2018,/worldcup/matches/match/300331550/
2018,/worldcup/matches/match/300331545/
2018,/worldcup/matches/match/300331495/
2018,/worldcup/matches/match/300331511/
2018,/worldcup/matches/match/300331530/
2018,/worldcup/matches/match/300331496/
2018,/worldcup/matches/match/300331518/
2018,/worldcup/matches/match/300331527/
2018,/worldcup/matches/match/300331513/
2018,/worldcup/matches/match/300331540/
2018,/worldcup/matches/match/300331497/
2018,/worldcup/matches/match/300340183/
2018,/worldcup/matches/match/300331547/
2018,/worldcup/matches/match/300331549/
2018,/worldcup/matches/match/300331501/
2018,/worldcup/matches/match/300331546/
2018,/worldcup/matches/match/300331505/
2018,/worldcup/matches/match/300331508/
2018,/worldcup/matches/match/300331516/
2018,/worldcup/matches/match/300331509/
2018,/worldcup/matches/match/300340184/
2018,/worldcup/matches/match/300331500/
2018,/worldcup/matches/match/300331506/
2018,/worldcup/matches/match/300331512/
2018,/worldcup/matches/match/300331519/
2018,/worldcup/matches/match/300331510/
2018,/worldcup/matches/match/300331532/
2018,/worldcup/matches/match/300331548/
2018,/worldcup/matches/match/300331521/
2018,/worldcup/matches/match/300331534/
2018,/worldcup/matches/match/300331507/
2018,/worldcup/matches/match/300331553/
2018,/worldcup/matches/match/300331520/
2018,/worldcup/matches/match/300340182/
2018,/worldcup/matches/match/300331537/
2018,/worldcup/matches/match/300331544/
2018,/worldcup/matches/match/300331517/
2018,/worldcup/matches/match/300331498/
2018,/worldcup/matches/match/300331535/
2018,/worldcup/matches/match/300331551/
2018,/worldcup/matches/match/300331514/
2018,/worldcup/matches/match/300331542/
2014,/worldcup/matches/round=255931/match=300186456/index.html#nosticky
2014,/worldcup/matches/round=255931/match=300186492/index.html#nosticky
2014,/worldcup/matches/round=255931/match=300186510/index.html#nosticky
2014,/worldcup/matches/round=255931/match=300186473/index.html#nosticky
2014,/worldcup/matches/round=255931/match=300186471/index.html#nosticky
2014,/worldcup/matches/round=255931/match=300186489/index.html#nosticky
2014,/worldcup/matches/round=255931/match=300186513/index.html#nosticky
2014,/worldcup/matches/round=255931/match=300186507/index.html#nosticky
2014,/worldcup/matches/round=255931/match=300186494/index.html#nosticky
2014,/worldcup/matches/round=255931/match=300186496/index.html#nosticky
2014,/worldcup/matches/round=255931/match=300186477/index.html#nosticky
2014,/worldcup/matches/round=255931/match=300186475/index.html#nosticky
2014,/worldcup/matches/round=255931/match=300186505/index.html#nosticky
2014,/worldcup/matches/round=255931/match=300186512/index.html#nosticky
2014,/worldcup/matches/round=255931/match=300186479/index.html#nosticky
2014,/worldcup/matches/round=255931/match=300186509/index.html#nosticky
2014,/worldcup/matches/round=255931/match=300186499/index.html#nosticky
2014,/worldcup/matches/round=255931/match=300186478/index.html#nosticky
2014,/worldcup/matches/round=255931/match=300186498/index.html#nosticky
2014,/worldcup/matches/round=255931/match=300186453/index.html#nosticky
2014,/worldcup/matches/round=255931/match=300186468/index.html#nosticky
2014,/worldcup/matches/round=255931/match=300186486/index.html#nosticky
2014,/worldcup/matches/round=255931/match=300186454/index.html#nosticky
2014,/worldcup/matches/round=255931/match=300186500/index.html#nosticky
2014,/worldcup/matches/round=255931/match=300186514/index.html#nosticky
2014,/worldcup/matches/round=255931/match=300186463/index.html#nosticky
2014,/worldcup/matches/round=255931/match=300186466/index.html#nosticky
2014,/worldcup/matches/round=255931/match=300186493/index.html#nosticky
2014,/worldcup/matches/round=255931/match=300186511/index.html#nosticky
2014,/worldcup/matches/round=255931/match=300186481/index.html#nosticky
2014,/worldcup/matches/round=255931/match=300186495/index.html#nosticky
2014,/worldcup/matches/round=255931/match=300186483/index.html#nosticky
2014,/worldcup/matches/round=255931/match=300186467/index.html#nosticky
2014,/worldcup/matches/round=255931/match=300186470/index.html#nosticky
2014,/worldcup/matches/round=255931/match=300186472/index.html#nosticky
2014,/worldcup/matches/round=255931/match=300186452/index.html#nosticky
2014,/worldcup/matches/round=255931/match=300186465/index.html#nosticky
2014,/worldcup/matches/round=255931/match=300186484/index.html#nosticky
2014,/worldcup/matches/round=255931/match=300186457/index.html#nosticky
2014,/worldcup/matches/round=255931/match=300186455/index.html#nosticky
2014,/worldcup/matches/round=255931/match=300186458/index.html#nosticky
2014,/worldcup/matches/round=255931/match=300186464/index.html#nosticky
2014,/worldcup/matches/round=255931/match=300186482/index.html#nosticky
2014,/worldcup/matches/round=255931/match=300186515/index.html#nosticky
2014,/worldcup/matches/round=255931/match=300186469/index.html#nosticky
2014,/worldcup/matches/round=255931/match=300186476/index.html#nosticky
2014,/worldcup/matches/round=255931/match=300186480/index.html#nosticky
2014,/worldcup/matches/round=255931/match=300186506/index.html#nosticky
2014,/worldcup/matches/round=255951/match=300186487/index.html#nosticky
2014,/worldcup/matches/round=255951/match=300186491/index.html#nosticky
2014,/worldcup/matches/round=255951/match=300186462/index.html#nosticky
2014,/worldcup/matches/round=255951/match=300186460/index.html#nosticky
2014,/worldcup/matches/round=255953/match=300186461/index.html#nosticky
2014,/worldcup/matches/round=255953/match=300186485/index.html#nosticky
2014,/worldcup/matches/round=255955/match=300186474/index.html#nosticky
2014,/worldcup/matches/round=255957/match=300186502/index.html#nosticky
2014,/worldcup/matches/round=255959/match=300186501/index.html#nosticky
2014,/worldcup/matches/round=255955/match=300186490/index.html#nosticky
2014,/worldcup/matches/round=255953/match=300186488/index.html#nosticky
2014,/worldcup/matches/round=255953/match=300186504/index.html#nosticky
2014,/worldcup/matches/round=255951/match=300186508/index.html#nosticky
2014,/worldcup/matches/round=255951/match=300186459/index.html#nosticky
2014,/worldcup/matches/round=255951/match=300186503/index.html#nosticky
2014,/worldcup/matches/round=255951/match=300186497/index.html#nosticky
2014,/worldcup/matches/round=255951/match=300186487/index.html#nosticky
2014,/worldcup/matches/round=255951/match=300186491/index.html#nosticky
2014,/worldcup/matches/round=255951/match=300186508/index.html#nosticky
2014,/worldcup/matches/round=255951/match=300186459/index.html#nosticky
2014,/worldcup/matches/round=255951/match=300186462/index.html#nosticky
2014,/worldcup/matches/round=255951/match=300186460/index.html#nosticky
2014,/worldcup/matches/round=255951/match=300186503/index.html#nosticky
2014,/worldcup/matches/round=255951/match=300186497/index.html#nosticky
2014,/worldcup/matches/round=255953/match=300186485/index.html#nosticky
2014,/worldcup/matches/round=255953/match=300186461/index.html#nosticky
2014,/worldcup/matches/round=255953/match=300186504/index.html#nosticky
2014,/worldcup/matches/round=255953/match=300186488/index.html#nosticky
2014,/worldcup/matches/round=255955/match=300186474/index.html#nosticky
2014,/worldcup/matches/round=255955/match=300186490/index.html#nosticky
2014,/worldcup/matches/round=255957/match=300186502/index.html#nosticky
2014,/worldcup/matches/round=255959/match=300186501/index.html#nosticky
2010,/worldcup/matches/round=249722/match=300061454/index.html#nosticky
2010,/worldcup/matches/round=249722/match=300061453/index.html#nosticky
2010,/worldcup/matches/round=249722/match=300061459/index.html#nosticky
2010,/worldcup/matches/round=249722/match=300061460/index.html#nosticky
2010,/worldcup/matches/round=249722/match=300061466/index.html#nosticky
2010,/worldcup/matches/round=249722/match=300061465/index.html#nosticky
2010,/worldcup/matches/round=249722/match=300061471/index.html#nosticky
2010,/worldcup/matches/round=249722/match=300111116/index.html#nosticky
2010,/worldcup/matches/round=249722/match=300061478/index.html#nosticky
2010,/worldcup/matches/round=249722/match=300061477/index.html#nosticky
2010,/worldcup/matches/round=249722/match=300061484/index.html#nosticky
2010,/worldcup/matches/round=249722/match=300061483/index.html#nosticky
2010,/worldcup/matches/round=249722/match=300061489/index.html#nosticky
2010,/worldcup/matches/round=249722/match=300061490/index.html#nosticky
2010,/worldcup/matches/round=249722/match=300061495/index.html#nosticky
2010,/worldcup/matches/round=249722/match=300111112/index.html#nosticky
2010,/worldcup/matches/round=249722/match=300061452/index.html#nosticky
2010,/worldcup/matches/round=249722/match=300061458/index.html#nosticky
2010,/worldcup/matches/round=249722/match=300061457/index.html#nosticky
2010,/worldcup/matches/round=249722/match=300061451/index.html#nosticky
2010,/worldcup/matches/round=249722/match=300061470/index.html#nosticky
2010,/worldcup/matches/round=249722/match=300061463/index.html#nosticky
2010,/worldcup/matches/round=249722/match=300061464/index.html#nosticky
2010,/worldcup/matches/round=249722/match=300111117/index.html#nosticky
2010,/worldcup/matches/round=249722/match=300061469/index.html#nosticky
2010,/worldcup/matches/round=249722/match=300061475/index.html#nosticky
2010,/worldcup/matches/round=249722/match=300061481/index.html#nosticky
2010,/worldcup/matches/round=249722/match=300061482/index.html#nosticky
2010,/worldcup/matches/round=249722/match=300061488/index.html#nosticky
2010,/worldcup/matches/round=249722/match=300061487/index.html#nosticky
2010,/worldcup/matches/round=249722/match=300061493/index.html#nosticky
2010,/worldcup/matches/round=249722/match=300061494/index.html#nosticky
2010,/worldcup/matches/round=249722/match=300061450/index.html#nosticky
2010,/worldcup/matches/round=249722/match=300061449/index.html#nosticky
2010,/worldcup/matches/round=249722/match=300111115/index.html#nosticky
2010,/worldcup/matches/round=249722/match=300061455/index.html#nosticky
2010,/worldcup/matches/round=249722/match=300061462/index.html#nosticky
2010,/worldcup/matches/round=249722/match=300061461/index.html#nosticky
2010,/worldcup/matches/round=249722/match=300061468/index.html#nosticky
2010,/worldcup/matches/round=249722/match=300061467/index.html#nosticky
2010,/worldcup/matches/round=249722/match=300061480/index.html#nosticky
2010,/worldcup/matches/round=249722/match=300061479/index.html#nosticky
2010,/worldcup/matches/round=249722/match=300061474/index.html#nosticky
2010,/worldcup/matches/round=249722/match=300061473/index.html#nosticky
2010,/worldcup/matches/round=249722/match=300111111/index.html#nosticky
2010,/worldcup/matches/round=249722/match=300061486/index.html#nosticky
2010,/worldcup/matches/round=249722/match=300061491/index.html#nosticky
2010,/worldcup/matches/round=249722/match=300061492/index.html#nosticky
2010,/worldcup/matches/round=249717/match=300061504/index.html#nosticky
2010,/worldcup/matches/round=249717/match=300061503/index.html#nosticky
2010,/worldcup/matches/round=249717/match=300061501/index.html#nosticky
2010,/worldcup/matches/round=249717/match=300061502/index.html#nosticky
2010,/worldcup/matches/round=249717/match=300111113/index.html#nosticky
2010,/worldcup/matches/round=249717/match=300061500/index.html#nosticky
2010,/worldcup/matches/round=249717/match=300061497/index.html#nosticky
2010,/worldcup/matches/round=249717/match=300061498/index.html#nosticky
2010,/worldcup/matches/round=249718/match=300061507/index.html#nosticky
2010,/worldcup/matches/round=249718/match=300061508/index.html#nosticky
2010,/worldcup/matches/round=249718/match=300061505/index.html#nosticky
2010,/worldcup/matches/round=249718/match=300061506/index.html#nosticky
2010,/worldcup/matches/round=249719/match=300061512/index.html#nosticky
2010,/worldcup/matches/round=249719/match=300111114/index.html#nosticky
2010,/worldcup/matches/round=249720/match=300061510/index.html#nosticky
2010,/worldcup/matches/round=249721/match=300061509/index.html#nosticky
2006,/worldcup/matches/round=97410100/match=97410001/index.html#nosticky
2006,/worldcup/matches/round=97410100/match=97410002/index.html#nosticky
2006,/worldcup/matches/round=97410100/match=97410003/index.html#nosticky
2006,/worldcup/matches/round=97410100/match=97410004/index.html#nosticky
2006,/worldcup/matches/round=97410100/match=97410005/index.html#nosticky
2006,/worldcup/matches/round=97410100/match=97410006/index.html#nosticky
2006,/worldcup/matches/round=97410100/match=97410007/index.html#nosticky
2006,/worldcup/matches/round=97410100/match=97410008/index.html#nosticky
2006,/worldcup/matches/round=97410100/match=97410012/index.html#nosticky
2006,/worldcup/matches/round=97410100/match=97410010/index.html#nosticky
2006,/worldcup/matches/round=97410100/match=97410009/index.html#nosticky
2006,/worldcup/matches/round=97410100/match=97410014/index.html#nosticky
2006,/worldcup/matches/round=97410100/match=97410013/index.html#nosticky
2006,/worldcup/matches/round=97410100/match=97410011/index.html#nosticky
2006,/worldcup/matches/round=97410100/match=97410015/index.html#nosticky
2006,/worldcup/matches/round=97410100/match=97410016/index.html#nosticky
2006,/worldcup/matches/round=97410100/match=97410017/index.html#nosticky
2006,/worldcup/matches/round=97410100/match=97410018/index.html#nosticky
2006,/worldcup/matches/round=97410100/match=97410019/index.html#nosticky
2006,/worldcup/matches/round=97410100/match=97410020/index.html#nosticky
2006,/worldcup/matches/round=97410100/match=97410021/index.html#nosticky
2006,/worldcup/matches/round=97410100/match=97410022/index.html#nosticky
2006,/worldcup/matches/round=97410100/match=97410023/index.html#nosticky
2006,/worldcup/matches/round=97410100/match=97410024/index.html#nosticky
2006,/worldcup/matches/round=97410100/match=97410026/index.html#nosticky
2006,/worldcup/matches/round=97410100/match=97410025/index.html#nosticky
2006,/worldcup/matches/round=97410100/match=97410028/index.html#nosticky
2006,/worldcup/matches/round=97410100/match=97410027/index.html#nosticky
2006,/worldcup/matches/round=97410100/match=97410029/index.html#nosticky
2006,/worldcup/matches/round=97410100/match=97410030/index.html#nosticky
2006,/worldcup/matches/round=97410100/match=97410032/index.html#nosticky
2006,/worldcup/matches/round=97410100/match=97410031/index.html#nosticky
2006,/worldcup/matches/round=97410100/match=97410033/index.html#nosticky
2006,/worldcup/matches/round=97410100/match=97410034/index.html#nosticky
2006,/worldcup/matches/round=97410100/match=97410035/index.html#nosticky
2006,/worldcup/matches/round=97410100/match=97410036/index.html#nosticky
2006,/worldcup/matches/round=97410100/match=97410040/index.html#nosticky
2006,/worldcup/matches/round=97410100/match=97410039/index.html#nosticky
2006,/worldcup/matches/round=97410100/match=97410037/index.html#nosticky
2006,/worldcup/matches/round=97410100/match=97410038/index.html#nosticky
2006,/worldcup/matches/round=97410100/match=97410041/index.html#nosticky
2006,/worldcup/matches/round=97410100/match=97410042/index.html#nosticky
2006,/worldcup/matches/round=97410100/match=97410043/index.html#nosticky
2006,/worldcup/matches/round=97410100/match=97410044/index.html#nosticky
2006,/worldcup/matches/round=97410100/match=97410048/index.html#nosticky
2006,/worldcup/matches/round=97410100/match=97410047/index.html#nosticky
2006,/worldcup/matches/round=97410100/match=97410045/index.html#nosticky
2006,/worldcup/matches/round=97410100/match=97410046/index.html#nosticky
2006,/worldcup/matches/round=97410200/match=97410049/index.html#nosticky
2006,/worldcup/matches/round=97410200/match=97410050/index.html#nosticky
2006,/worldcup/matches/round=97410200/match=97410051/index.html#nosticky
2006,/worldcup/matches/round=97410200/match=97410052/index.html#nosticky
2006,/worldcup/matches/round=97410200/match=97410053/index.html#nosticky
2006,/worldcup/matches/round=97410200/match=97410054/index.html#nosticky
2006,/worldcup/matches/round=97410200/match=97410055/index.html#nosticky
2006,/worldcup/matches/round=97410200/match=97410056/index.html#nosticky
2006,/worldcup/matches/round=97410300/match=97410057/index.html#nosticky
2006,/worldcup/matches/round=97410300/match=97410058/index.html#nosticky
2006,/worldcup/matches/round=97410300/match=97410059/index.html#nosticky
2006,/worldcup/matches/round=97410300/match=97410060/index.html#nosticky
2006,/worldcup/matches/round=97410400/match=97410061/index.html#nosticky
2006,/worldcup/matches/round=97410400/match=97410062/index.html#nosticky
2006,/worldcup/matches/round=97410500/match=97410063/index.html#nosticky
2006,/worldcup/matches/round=97410600/match=97410064/index.html#nosticky
2002,/worldcup/matches/round=43950100/match=43950001/index.html#nosticky
2002,/worldcup/matches/round=43950100/match=43950003/index.html#nosticky
2002,/worldcup/matches/round=43950100/match=43950002/index.html#nosticky
2002,/worldcup/matches/round=43950100/match=43950004/index.html#nosticky
2002,/worldcup/matches/round=43950100/match=43950007/index.html#nosticky
2002,/worldcup/matches/round=43950100/match=43950006/index.html#nosticky
2002,/worldcup/matches/round=43950100/match=43950005/index.html#nosticky
2002,/worldcup/matches/round=43950100/match=43950008/index.html#nosticky
2002,/worldcup/matches/round=43950100/match=43950010/index.html#nosticky
2002,/worldcup/matches/round=43950100/match=43950011/index.html#nosticky
2002,/worldcup/matches/round=43950100/match=43950009/index.html#nosticky
2002,/worldcup/matches/round=43950100/match=43950012/index.html#nosticky
2002,/worldcup/matches/round=43950100/match=43950013/index.html#nosticky
2002,/worldcup/matches/round=43950100/match=43950014/index.html#nosticky
2002,/worldcup/matches/round=43950100/match=43950015/index.html#nosticky
2002,/worldcup/matches/round=43950100/match=43950016/index.html#nosticky
2002,/worldcup/matches/round=43950100/match=43950017/index.html#nosticky
2002,/worldcup/matches/round=43950100/match=43950020/index.html#nosticky
2002,/worldcup/matches/round=43950100/match=43950019/index.html#nosticky
2002,/worldcup/matches/round=43950100/match=43950018/index.html#nosticky
2002,/worldcup/matches/round=43950100/match=43950021/index.html#nosticky
2002,/worldcup/matches/round=43950100/match=43950023/index.html#nosticky
2002,/worldcup/matches/round=43950100/match=43950022/index.html#nosticky
2002,/worldcup/matches/round=43950100/match=43950024/index.html#nosticky
2002,/worldcup/matches/round=43950100/match=43950026/index.html#nosticky
2002,/worldcup/matches/round=43950100/match=43950025/index.html#nosticky
2002,/worldcup/matches/round=43950100/match=43950028/index.html#nosticky
2002,/worldcup/matches/round=43950100/match=43950029/index.html#nosticky
2002,/worldcup/matches/round=43950100/match=43950027/index.html#nosticky
2002,/worldcup/matches/round=43950100/match=43950030/index.html#nosticky
2002,/worldcup/matches/round=43950100/match=43950032/index.html#nosticky
2002,/worldcup/matches/round=43950100/match=43950031/index.html#nosticky
2002,/worldcup/matches/round=43950100/match=43950033/index.html#nosticky
2002,/worldcup/matches/round=43950100/match=43950034/index.html#nosticky
2002,/worldcup/matches/round=43950100/match=43950036/index.html#nosticky
2002,/worldcup/matches/round=43950100/match=43950035/index.html#nosticky
2002,/worldcup/matches/round=43950100/match=43950037/index.html#nosticky
2002,/worldcup/matches/round=43950100/match=43950038/index.html#nosticky
2002,/worldcup/matches/round=43950100/match=43950040/index.html#nosticky
2002,/worldcup/matches/round=43950100/match=43950039/index.html#nosticky
2002,/worldcup/matches/round=43950100/match=43950041/index.html#nosticky
2002,/worldcup/matches/round=43950100/match=43950042/index.html#nosticky
2002,/worldcup/matches/round=43950100/match=43950044/index.html#nosticky
2002,/worldcup/matches/round=43950100/match=43950043/index.html#nosticky
2002,/worldcup/matches/round=43950100/match=43950045/index.html#nosticky
2002,/worldcup/matches/round=43950100/match=43950047/index.html#nosticky
2002,/worldcup/matches/round=43950100/match=43950048/index.html#nosticky
2002,/worldcup/matches/round=43950100/match=43950046/index.html#nosticky
2002,/worldcup/matches/round=43950200/match=43950050/index.html#nosticky
2002,/worldcup/matches/round=43950200/match=43950049/index.html#nosticky
2002,/worldcup/matches/round=43950200/match=43950052/index.html#nosticky
2002,/worldcup/matches/round=43950200/match=43950051/index.html#nosticky
2002,/worldcup/matches/round=43950200/match=43950054/index.html#nosticky
2002,/worldcup/matches/round=43950200/match=43950053/index.html#nosticky
2002,/worldcup/matches/round=43950200/match=43950055/index.html#nosticky
2002,/worldcup/matches/round=43950200/match=43950056/index.html#nosticky
2002,/worldcup/matches/round=43950300/match=43950057/index.html#nosticky
2002,/worldcup/matches/round=43950300/match=43950058/index.html#nosticky
2002,/worldcup/matches/round=43950300/match=43950060/index.html#nosticky
2002,/worldcup/matches/round=43950300/match=43950059/index.html#nosticky
2002,/worldcup/matches/round=43950400/match=43950061/index.html#nosticky
2002,/worldcup/matches/round=43950400/match=43950062/index.html#nosticky
2002,/worldcup/matches/round=43950500/match=43950063/index.html#nosticky
2002,/worldcup/matches/round=43950600/match=43950064/index.html#nosticky
1998,/worldcup/matches/round=1014/match=4000/index.html#nosticky
1998,/worldcup/matches/round=1014/match=8725/index.html#nosticky
1998,/worldcup/matches/round=1014/match=8726/index.html#nosticky
1998,/worldcup/matches/round=1014/match=8727/index.html#nosticky
1998,/worldcup/matches/round=1014/match=8728/index.html#nosticky
1998,/worldcup/matches/round=1014/match=8729/index.html#nosticky
1998,/worldcup/matches/round=1014/match=8730/index.html#nosticky
1998,/worldcup/matches/round=1014/match=8731/index.html#nosticky
1998,/worldcup/matches/round=1014/match=8732/index.html#nosticky
1998,/worldcup/matches/round=1014/match=8733/index.html#nosticky
1998,/worldcup/matches/round=1014/match=8734/index.html#nosticky
1998,/worldcup/matches/round=1014/match=8735/index.html#nosticky
1998,/worldcup/matches/round=1014/match=8736/index.html#nosticky
1998,/worldcup/matches/round=1014/match=8740/index.html#nosticky
1998,/worldcup/matches/round=1014/match=8739/index.html#nosticky
1998,/worldcup/matches/round=1014/match=8738/index.html#nosticky
1998,/worldcup/matches/round=1014/match=8741/index.html#nosticky
1998,/worldcup/matches/round=1014/match=8742/index.html#nosticky
1998,/worldcup/matches/round=1014/match=8743/index.html#nosticky
1998,/worldcup/matches/round=1014/match=8744/index.html#nosticky
1998,/worldcup/matches/round=1014/match=8746/index.html#nosticky
1998,/worldcup/matches/round=1014/match=8745/index.html#nosticky
1998,/worldcup/matches/round=1014/match=8747/index.html#nosticky
1998,/worldcup/matches/round=1014/match=8748/index.html#nosticky
1998,/worldcup/matches/round=1014/match=8751/index.html#nosticky
1998,/worldcup/matches/round=1014/match=8750/index.html#nosticky
1998,/worldcup/matches/round=1014/match=8749/index.html#nosticky
1998,/worldcup/matches/round=1014/match=8753/index.html#nosticky
1998,/worldcup/matches/round=1014/match=8752/index.html#nosticky
1998,/worldcup/matches/round=1014/match=8754/index.html#nosticky
1998,/worldcup/matches/round=1014/match=8755/index.html#nosticky
1998,/worldcup/matches/round=1014/match=8756/index.html#nosticky
1998,/worldcup/matches/round=1014/match=8757/index.html#nosticky
1998,/worldcup/matches/round=1014/match=8760/index.html#nosticky
1998,/worldcup/matches/round=1014/match=8758/index.html#nosticky
1998,/worldcup/matches/round=1014/match=8759/index.html#nosticky
1998,/worldcup/matches/round=1014/match=8762/index.html#nosticky
1998,/worldcup/matches/round=1014/match=8764/index.html#nosticky
1998,/worldcup/matches/round=1014/match=8761/index.html#nosticky
1998,/worldcup/matches/round=1014/match=8763/index.html#nosticky
1998,/worldcup/matches/round=1014/match=8765/index.html#nosticky
1998,/worldcup/matches/round=1014/match=8766/index.html#nosticky
1998,/worldcup/matches/round=1014/match=8767/index.html#nosticky
1998,/worldcup/matches/round=1014/match=8768/index.html#nosticky
1998,/worldcup/matches/round=1014/match=8771/index.html#nosticky
1998,/worldcup/matches/round=1014/match=8772/index.html#nosticky
1998,/worldcup/matches/round=1014/match=8769/index.html#nosticky
1998,/worldcup/matches/round=1014/match=8770/index.html#nosticky
1998,/worldcup/matches/round=1024/match=8774/index.html#nosticky
1998,/worldcup/matches/round=1024/match=8773/index.html#nosticky
1998,/worldcup/matches/round=1024/match=8776/index.html#nosticky
1998,/worldcup/matches/round=1024/match=8775/index.html#nosticky
1998,/worldcup/matches/round=1024/match=8777/index.html#nosticky
1998,/worldcup/matches/round=1024/match=8778/index.html#nosticky
1998,/worldcup/matches/round=1024/match=8780/index.html#nosticky
1998,/worldcup/matches/round=1024/match=8779/index.html#nosticky
1998,/worldcup/matches/round=1025/match=8781/index.html#nosticky
1998,/worldcup/matches/round=1025/match=8782/index.html#nosticky
1998,/worldcup/matches/round=1025/match=8784/index.html#nosticky
1998,/worldcup/matches/round=1025/match=8783/index.html#nosticky
1998,/worldcup/matches/round=1026/match=8785/index.html#nosticky
1998,/worldcup/matches/round=1026/match=8786/index.html#nosticky
1998,/worldcup/matches/round=1028/match=8787/index.html#nosticky
1998,/worldcup/matches/round=1027/match=8788/index.html#nosticky
1994,/worldcup/matches/round=337/match=3050/index.html#nosticky
1994,/worldcup/matches/round=337/match=3049/index.html#nosticky
1994,/worldcup/matches/round=337/match=3051/index.html#nosticky
1994,/worldcup/matches/round=337/match=3052/index.html#nosticky
1994,/worldcup/matches/round=337/match=3053/index.html#nosticky
1994,/worldcup/matches/round=337/match=3054/index.html#nosticky
1994,/worldcup/matches/round=337/match=3055/index.html#nosticky
1994,/worldcup/matches/round=337/match=3056/index.html#nosticky
1994,/worldcup/matches/round=337/match=3058/index.html#nosticky
1994,/worldcup/matches/round=337/match=3057/index.html#nosticky
1994,/worldcup/matches/round=337/match=3059/index.html#nosticky
1994,/worldcup/matches/round=337/match=3061/index.html#nosticky
1994,/worldcup/matches/round=337/match=3060/index.html#nosticky
1994,/worldcup/matches/round=337/match=3062/index.html#nosticky
1994,/worldcup/matches/round=337/match=3063/index.html#nosticky
1994,/worldcup/matches/round=337/match=3064/index.html#nosticky
1994,/worldcup/matches/round=337/match=3065/index.html#nosticky
1994,/worldcup/matches/round=337/match=3066/index.html#nosticky
1994,/worldcup/matches/round=337/match=3068/index.html#nosticky
1994,/worldcup/matches/round=337/match=3067/index.html#nosticky
1994,/worldcup/matches/round=337/match=3069/index.html#nosticky
1994,/worldcup/matches/round=337/match=3070/index.html#nosticky
1994,/worldcup/matches/round=337/match=3071/index.html#nosticky
1994,/worldcup/matches/round=337/match=3072/index.html#nosticky
1994,/worldcup/matches/round=337/match=3073/index.html#nosticky
1994,/worldcup/matches/round=337/match=3074/index.html#nosticky
1994,/worldcup/matches/round=337/match=3076/index.html#nosticky
1994,/worldcup/matches/round=337/match=3075/index.html#nosticky
1994,/worldcup/matches/round=337/match=3077/index.html#nosticky
1994,/worldcup/matches/round=337/match=3080/index.html#nosticky
1994,/worldcup/matches/round=337/match=3078/index.html#nosticky
1994,/worldcup/matches/round=337/match=3079/index.html#nosticky
1994,/worldcup/matches/round=337/match=3081/index.html#nosticky
1994,/worldcup/matches/round=337/match=3082/index.html#nosticky
1994,/worldcup/matches/round=337/match=3083/index.html#nosticky
1994,/worldcup/matches/round=337/match=3084/index.html#nosticky
1994,/worldcup/matches/round=338/match=3085/index.html#nosticky
1994,/worldcup/matches/round=338/match=3086/index.html#nosticky
1994,/worldcup/matches/round=338/match=3087/index.html#nosticky
1994,/worldcup/matches/round=338/match=3088/index.html#nosticky
1994,/worldcup/matches/round=338/match=3089/index.html#nosticky
1994,/worldcup/matches/round=338/match=3090/index.html#nosticky
1994,/worldcup/matches/round=338/match=3091/index.html#nosticky
1994,/worldcup/matches/round=338/match=3092/index.html#nosticky
1994,/worldcup/matches/round=796/match=3097/index.html#nosticky
1994,/worldcup/matches/round=796/match=3098/index.html#nosticky
1994,/worldcup/matches/round=796/match=3096/index.html#nosticky
1994,/worldcup/matches/round=796/match=3095/index.html#nosticky
1994,/worldcup/matches/round=3461/match=3100/index.html#nosticky
1994,/worldcup/matches/round=3461/match=3099/index.html#nosticky
1994,/worldcup/matches/round=3460/match=3103/index.html#nosticky
1994,/worldcup/matches/round=3459/match=3104/index.html#nosticky
1990,/worldcup/matches/round=322/match=26/index.html#nosticky
1990,/worldcup/matches/round=322/match=342/index.html#nosticky
1990,/worldcup/matches/round=322/match=119/index.html#nosticky
1990,/worldcup/matches/round=322/match=42/index.html#nosticky
1990,/worldcup/matches/round=322/match=355/index.html#nosticky
1990,/worldcup/matches/round=322/match=75/index.html#nosticky
1990,/worldcup/matches/round=322/match=201/index.html#nosticky
1990,/worldcup/matches/round=322/match=127/index.html#nosticky
1990,/worldcup/matches/round=322/match=161/index.html#nosticky
1990,/worldcup/matches/round=322/match=57/index.html#nosticky
1990,/worldcup/matches/round=322/match=151/index.html#nosticky
1990,/worldcup/matches/round=322/match=180/index.html#nosticky
1990,/worldcup/matches/round=322/match=30/index.html#nosticky
1990,/worldcup/matches/round=322/match=108/index.html#nosticky
1990,/worldcup/matches/round=322/match=120/index.html#nosticky
1990,/worldcup/matches/round=322/match=265/index.html#nosticky
1990,/worldcup/matches/round=322/match=43/index.html#nosticky
1990,/worldcup/matches/round=322/match=198/index.html#nosticky
1990,/worldcup/matches/round=322/match=73/index.html#nosticky
1990,/worldcup/matches/round=322/match=348/index.html#nosticky
1990,/worldcup/matches/round=322/match=160/index.html#nosticky
1990,/worldcup/matches/round=322/match=152/index.html#nosticky
1990,/worldcup/matches/round=322/match=175/index.html#nosticky
1990,/worldcup/matches/round=322/match=66/index.html#nosticky
1990,/worldcup/matches/round=322/match=29/index.html#nosticky
1990,/worldcup/matches/round=322/match=111/index.html#nosticky
1990,/worldcup/matches/round=322/match=114/index.html#nosticky
1990,/worldcup/matches/round=322/match=364/index.html#nosticky
1990,/worldcup/matches/round=322/match=263/index.html#nosticky
1990,/worldcup/matches/round=322/match=48/index.html#nosticky
1990,/worldcup/matches/round=322/match=74/index.html#nosticky
1990,/worldcup/matches/round=322/match=128/index.html#nosticky
1990,/worldcup/matches/round=322/match=290/index.html#nosticky
1990,/worldcup/matches/round=322/match=56/index.html#nosticky
1990,/worldcup/matches/round=322/match=228/index.html#nosticky
1990,/worldcup/matches/round=322/match=150/index.html#nosticky
1990,/worldcup/matches/round=323/match=102/index.html#nosticky
1990,/worldcup/matches/round=323/match=129/index.html#nosticky
1990,/worldcup/matches/round=323/match=25/index.html#nosticky
1990,/worldcup/matches/round=323/match=196/index.html#nosticky
1990,/worldcup/matches/round=323/match=248/index.html#nosticky
1990,/worldcup/matches/round=323/match=264/index.html#nosticky
1990,/worldcup/matches/round=323/match=181/index.html#nosticky
1990,/worldcup/matches/round=323/match=55/index.html#nosticky
1990,/worldcup/matches/round=751/match=31/index.html#nosticky
1990,/worldcup/matches/round=751/match=243/index.html#nosticky
1990,/worldcup/matches/round=751/match=197/index.html#nosticky
1990,/worldcup/matches/round=751/match=103/index.html#nosticky
1990,/worldcup/matches/round=3464/match=28/index.html#nosticky
1990,/worldcup/matches/round=3464/match=159/index.html#nosticky
1990,/worldcup/matches/round=3463/match=162/index.html#nosticky
1990,/worldcup/matches/round=3462/match=27/index.html#nosticky
1986,/worldcup/matches/round=308/match=459/index.html#nosticky
1986,/worldcup/matches/round=308/match=468/index.html#nosticky
1986,/worldcup/matches/round=308/match=439/index.html#nosticky
1986,/worldcup/matches/round=308/match=610/index.html#nosticky
1986,/worldcup/matches/round=308/match=395/index.html#nosticky
1986,/worldcup/matches/round=308/match=674/index.html#nosticky
1986,/worldcup/matches/round=308/match=379/index.html#nosticky
1986,/worldcup/matches/round=308/match=428/index.html#nosticky
1986,/worldcup/matches/round=308/match=538/index.html#nosticky
1986,/worldcup/matches/round=308/match=628/index.html#nosticky
1986,/worldcup/matches/round=308/match=517/index.html#nosticky
1986,/worldcup/matches/round=308/match=585/index.html#nosticky
1986,/worldcup/matches/round=308/match=394/index.html#nosticky
1986,/worldcup/matches/round=308/match=571/index.html#nosticky
1986,/worldcup/matches/round=308/match=460/index.html#nosticky
1986,/worldcup/matches/round=308/match=475/index.html#nosticky
1986,/worldcup/matches/round=308/match=377/index.html#nosticky
1986,/worldcup/matches/round=308/match=533/index.html#nosticky
1986,/worldcup/matches/round=308/match=551/index.html#nosticky
1986,/worldcup/matches/round=308/match=680/index.html#nosticky
1986,/worldcup/matches/round=308/match=701/index.html#nosticky
1986,/worldcup/matches/round=308/match=427/index.html#nosticky
1986,/worldcup/matches/round=308/match=522/index.html#nosticky
1986,/worldcup/matches/round=308/match=580/index.html#nosticky
1986,/worldcup/matches/round=308/match=567/index.html#nosticky
1986,/worldcup/matches/round=308/match=476/index.html#nosticky
1986,/worldcup/matches/round=308/match=643/index.html#nosticky
1986,/worldcup/matches/round=308/match=389/index.html#nosticky
1986,/worldcup/matches/round=308/match=429/index.html#nosticky
1986,/worldcup/matches/round=308/match=627/index.html#nosticky
1986,/worldcup/matches/round=308/match=675/index.html#nosticky
1986,/worldcup/matches/round=308/match=537/index.html#nosticky
1986,/worldcup/matches/round=308/match=441/index.html#nosticky
1986,/worldcup/matches/round=308/match=378/index.html#nosticky
1986,/worldcup/matches/round=308/match=712/index.html#nosticky
1986,/worldcup/matches/round=308/match=512/index.html#nosticky
1986,/worldcup/matches/round=309/match=432/index.html#nosticky
1986,/worldcup/matches/round=309/match=463/index.html#nosticky
1986,/worldcup/matches/round=309/match=398/index.html#nosticky
1986,/worldcup/matches/round=309/match=444/index.html#nosticky
1986,/worldcup/matches/round=309/match=568/index.html#nosticky
1986,/worldcup/matches/round=309/match=574/index.html#nosticky
1986,/worldcup/matches/round=309/match=536/index.html#nosticky
1986,/worldcup/matches/round=309/match=511/index.html#nosticky
1986,/worldcup/matches/round=714/match=440/index.html#nosticky
1986,/worldcup/matches/round=714/match=575/index.html#nosticky
1986,/worldcup/matches/round=714/match=421/index.html#nosticky
1986,/worldcup/matches/round=714/match=392/index.html#nosticky
1986,/worldcup/matches/round=3469/match=564/index.html#nosticky
1986,/worldcup/matches/round=3469/match=388/index.html#nosticky
1986,/worldcup/matches/round=3468/match=422/index.html#nosticky
1986,/worldcup/matches/round=3467/match=393/index.html#nosticky
1982,/worldcup/matches/round=293/match=749/index.html#nosticky
1982,/worldcup/matches/round=293/match=995/index.html#nosticky
1982,/worldcup/matches/round=293/match=791/index.html#nosticky
1982,/worldcup/matches/round=293/match=833/index.html#nosticky
1982,/worldcup/matches/round=293/match=896/index.html#nosticky
1982,/worldcup/matches/round=293/match=1051/index.html#nosticky
1982,/worldcup/matches/round=293/match=741/index.html#nosticky
1982,/worldcup/matches/round=293/match=878/index.html#nosticky
1982,/worldcup/matches/round=293/match=901/index.html#nosticky
1982,/worldcup/matches/round=293/match=764/index.html#nosticky
1982,/worldcup/matches/round=293/match=1012/index.html#nosticky
1982,/worldcup/matches/round=293/match=1044/index.html#nosticky
1982,/worldcup/matches/round=293/match=994/index.html#nosticky
1982,/worldcup/matches/round=293/match=752/index.html#nosticky
1982,/worldcup/matches/round=293/match=790/index.html#nosticky
1982,/worldcup/matches/round=293/match=834/index.html#nosticky
1982,/worldcup/matches/round=293/match=774/index.html#nosticky
1982,/worldcup/matches/round=293/match=1054/index.html#nosticky
1982,/worldcup/matches/round=293/match=813/index.html#nosticky
1982,/worldcup/matches/round=293/match=889/index.html#nosticky
1982,/worldcup/matches/round=293/match=903/index.html#nosticky
1982,/worldcup/matches/round=293/match=739/index.html#nosticky
1982,/worldcup/matches/round=293/match=919/index.html#nosticky
1982,/worldcup/matches/round=293/match=959/index.html#nosticky
1982,/worldcup/matches/round=293/match=1055/index.html#nosticky
1982,/worldcup/matches/round=293/match=779/index.html#nosticky
1982,/worldcup/matches/round=293/match=1071/index.html#nosticky
1982,/worldcup/matches/round=293/match=828/index.html#nosticky
1982,/worldcup/matches/round=293/match=751/index.html#nosticky
1982,/worldcup/matches/round=293/match=789/index.html#nosticky
1982,/worldcup/matches/round=293/match=740/index.html#nosticky
1982,/worldcup/matches/round=293/match=922/index.html#nosticky
1982,/worldcup/matches/round=293/match=962/index.html#nosticky
1982,/worldcup/matches/round=293/match=770/index.html#nosticky
1982,/worldcup/matches/round=293/match=882/index.html#nosticky
1982,/worldcup/matches/round=293/match=902/index.html#nosticky
1982,/worldcup/matches/round=294/match=767/index.html#nosticky
1982,/worldcup/matches/round=294/match=782/index.html#nosticky
1982,/worldcup/matches/round=294/match=753/index.html#nosticky
1982,/worldcup/matches/round=294/match=879/index.html#nosticky
1982,/worldcup/matches/round=294/match=771/index.html#nosticky
1982,/worldcup/matches/round=294/match=783/index.html#nosticky
1982,/worldcup/matches/round=294/match=750/index.html#nosticky
1982,/worldcup/matches/round=294/match=900/index.html#nosticky
1982,/worldcup/matches/round=294/match=920/index.html#nosticky
1982,/worldcup/matches/round=294/match=1058/index.html#nosticky
1982,/worldcup/matches/round=294/match=788/index.html#nosticky
1982,/worldcup/matches/round=294/match=877/index.html#nosticky
1982,/worldcup/matches/round=295/match=996/index.html#nosticky
1982,/worldcup/matches/round=295/match=914/index.html#nosticky
1982,/worldcup/matches/round=676/match=921/index.html#nosticky
1982,/worldcup/matches/round=3475/match=923/index.html#nosticky
1978,/worldcup/matches/round=278/match=2351/index.html#nosticky
1978,/worldcup/matches/round=278/match=2347/index.html#nosticky
1978,/worldcup/matches/round=278/match=2433/index.html#nosticky
1978,/worldcup/matches/round=278/match=2199/index.html#nosticky
1978,/worldcup/matches/round=278/match=2253/index.html#nosticky
1978,/worldcup/matches/round=278/match=2216/index.html#nosticky
1978,/worldcup/matches/round=278/match=2451/index.html#nosticky
1978,/worldcup/matches/round=278/match=2388/index.html#nosticky
1978,/worldcup/matches/round=278/match=2396/index.html#nosticky
1978,/worldcup/matches/round=278/match=2454/index.html#nosticky
1978,/worldcup/matches/round=278/match=2350/index.html#nosticky
1978,/worldcup/matches/round=278/match=2197/index.html#nosticky
1978,/worldcup/matches/round=278/match=2246/index.html#nosticky
1978,/worldcup/matches/round=278/match=2224/index.html#nosticky
1978,/worldcup/matches/round=278/match=2408/index.html#nosticky
1978,/worldcup/matches/round=278/match=2394/index.html#nosticky
1978,/worldcup/matches/round=278/match=2344/index.html#nosticky
1978,/worldcup/matches/round=278/match=2431/index.html#nosticky
1978,/worldcup/matches/round=278/match=2352/index.html#nosticky
1978,/worldcup/matches/round=278/match=2200/index.html#nosticky
1978,/worldcup/matches/round=278/match=2215/index.html#nosticky
1978,/worldcup/matches/round=278/match=2337/index.html#nosticky
1978,/worldcup/matches/round=278/match=2405/index.html#nosticky
1978,/worldcup/matches/round=278/match=2395/index.html#nosticky
1978,/worldcup/matches/round=279/match=2349/index.html#nosticky
1978,/worldcup/matches/round=279/match=2220/index.html#nosticky
1978,/worldcup/matches/round=279/match=2251/index.html#nosticky
1978,/worldcup/matches/round=279/match=2202/index.html#nosticky
1978,/worldcup/matches/round=279/match=2450/index.html#nosticky
1978,/worldcup/matches/round=279/match=2221/index.html#nosticky
1978,/worldcup/matches/round=279/match=2348/index.html#nosticky
1978,/worldcup/matches/round=279/match=2196/index.html#nosticky
1978,/worldcup/matches/round=279/match=2391/index.html#nosticky
1978,/worldcup/matches/round=279/match=2217/index.html#nosticky
1978,/worldcup/matches/round=279/match=2252/index.html#nosticky
1978,/worldcup/matches/round=279/match=2201/index.html#nosticky
1978,/worldcup/matches/round=280/match=2247/index.html#nosticky
1978,/worldcup/matches/round=639/match=2198/index.html#nosticky
1974,/worldcup/matches/round=262/match=1986/index.html#nosticky
1974,/worldcup/matches/round=262/match=2003/index.html#nosticky
1974,/worldcup/matches/round=262/match=1955/index.html#nosticky
1974,/worldcup/matches/round=262/match=2176/index.html#nosticky
1974,/worldcup/matches/round=262/match=2098/index.html#nosticky
1974,/worldcup/matches/round=262/match=1995/index.html#nosticky
1974,/worldcup/matches/round=262/match=2083/index.html#nosticky
1974,/worldcup/matches/round=262/match=1952/index.html#nosticky
1974,/worldcup/matches/round=262/match=1954/index.html#nosticky
1974,/worldcup/matches/round=262/match=1985/index.html#nosticky
1974,/worldcup/matches/round=262/match=2004/index.html#nosticky
1974,/worldcup/matches/round=262/match=2186/index.html#nosticky
1974,/worldcup/matches/round=262/match=2097/index.html#nosticky
1974,/worldcup/matches/round=262/match=1996/index.html#nosticky
1974,/worldcup/matches/round=262/match=2085/index.html#nosticky
1974,/worldcup/matches/round=262/match=1949/index.html#nosticky
1974,/worldcup/matches/round=262/match=2175/index.html#nosticky
1974,/worldcup/matches/round=262/match=1953/index.html#nosticky
1974,/worldcup/matches/round=262/match=1987/index.html#nosticky
1974,/worldcup/matches/round=262/match=2062/index.html#nosticky
1974,/worldcup/matches/round=262/match=1990/index.html#nosticky
1974,/worldcup/matches/round=262/match=1947/index.html#nosticky
1974,/worldcup/matches/round=262/match=2181/index.html#nosticky
1974,/worldcup/matches/round=262/match=2129/index.html#nosticky
1974,/worldcup/matches/round=263/match=2066/index.html#nosticky
1974,/worldcup/matches/round=263/match=1982/index.html#nosticky
1974,/worldcup/matches/round=263/match=1948/index.html#nosticky
1974,/worldcup/matches/round=263/match=2167/index.html#nosticky
1974,/worldcup/matches/round=263/match=1945/index.html#nosticky
1974,/worldcup/matches/round=263/match=2170/index.html#nosticky
1974,/worldcup/matches/round=263/match=2067/index.html#nosticky
1974,/worldcup/matches/round=263/match=2065/index.html#nosticky
1974,/worldcup/matches/round=263/match=2064/index.html#nosticky
1974,/worldcup/matches/round=263/match=1983/index.html#nosticky
1974,/worldcup/matches/round=263/match=1946/index.html#nosticky
1974,/worldcup/matches/round=263/match=2182/index.html#nosticky
1974,/worldcup/matches/round=264/match=1984/index.html#nosticky
1974,/worldcup/matches/round=605/match=2063/index.html#nosticky
1970,/worldcup/matches/round=250/match=1902/index.html#nosticky
1970,/worldcup/matches/round=250/match=1881/index.html#nosticky
1970,/worldcup/matches/round=250/match=1780/index.html#nosticky
1970,/worldcup/matches/round=250/match=1812/index.html#nosticky
1970,/worldcup/matches/round=250/match=1883/index.html#nosticky
1970,/worldcup/matches/round=250/match=1839/index.html#nosticky
1970,/worldcup/matches/round=250/match=1770/index.html#nosticky
1970,/worldcup/matches/round=250/match=1747/index.html#nosticky
1970,/worldcup/matches/round=250/match=1884/index.html#nosticky
1970,/worldcup/matches/round=250/match=1893/index.html#nosticky
1970,/worldcup/matches/round=250/match=1919/index.html#nosticky
1970,/worldcup/matches/round=250/match=1753/index.html#nosticky
1970,/worldcup/matches/round=250/match=1880/index.html#nosticky
1970,/worldcup/matches/round=250/match=1774/index.html#nosticky
1970,/worldcup/matches/round=250/match=1764/index.html#nosticky
1970,/worldcup/matches/round=250/match=1820/index.html#nosticky
1970,/worldcup/matches/round=250/match=1922/index.html#nosticky
1970,/worldcup/matches/round=250/match=1840/index.html#nosticky
1970,/worldcup/matches/round=250/match=1769/index.html#nosticky
1970,/worldcup/matches/round=250/match=1823/index.html#nosticky
1970,/worldcup/matches/round=250/match=1877/index.html#nosticky
1970,/worldcup/matches/round=250/match=1779/index.html#nosticky
1970,/worldcup/matches/round=250/match=1813/index.html#nosticky
1970,/worldcup/matches/round=250/match=1752/index.html#nosticky
1970,/worldcup/matches/round=251/match=1882/index.html#nosticky
1970,/worldcup/matches/round=251/match=1811/index.html#nosticky
1970,/worldcup/matches/round=251/match=1768/index.html#nosticky
1970,/worldcup/matches/round=251/match=1925/index.html#nosticky
1970,/worldcup/matches/round=569/match=1771/index.html#nosticky
1970,/worldcup/matches/round=569/match=1838/index.html#nosticky
1970,/worldcup/matches/round=3477/match=1843/index.html#nosticky
1970,/worldcup/matches/round=3476/match=1765/index.html#nosticky
1966,/worldcup/matches/round=238/match=1636/index.html#nosticky
1966,/worldcup/matches/round=238/match=1656/index.html#nosticky
1966,/worldcup/matches/round=238/match=1596/index.html#nosticky
1966,/worldcup/matches/round=238/match=1710/index.html#nosticky
1966,/worldcup/matches/round=238/match=1650/index.html#nosticky
1966,/worldcup/matches/round=238/match=1675/index.html#nosticky
1966,/worldcup/matches/round=238/match=1578/index.html#nosticky
1966,/worldcup/matches/round=238/match=1608/index.html#nosticky
1966,/worldcup/matches/round=238/match=1653/index.html#nosticky
1966,/worldcup/matches/round=238/match=1641/index.html#nosticky
1966,/worldcup/matches/round=238/match=1597/index.html#nosticky
1966,/worldcup/matches/round=238/match=1609/index.html#nosticky
1966,/worldcup/matches/round=238/match=1602/index.html#nosticky
1966,/worldcup/matches/round=238/match=1579/index.html#nosticky
1966,/worldcup/matches/round=238/match=1682/index.html#nosticky
1966,/worldcup/matches/round=238/match=1634/index.html#nosticky
1966,/worldcup/matches/round=238/match=1689/index.html#nosticky
1966,/worldcup/matches/round=238/match=1582/index.html#nosticky
1966,/worldcup/matches/round=238/match=1598/index.html#nosticky
1966,/worldcup/matches/round=238/match=1679/index.html#nosticky
1966,/worldcup/matches/round=238/match=1632/index.html#nosticky
1966,/worldcup/matches/round=238/match=1599/index.html#nosticky
1966,/worldcup/matches/round=238/match=1637/index.html#nosticky
1966,/worldcup/matches/round=238/match=1610/index.html#nosticky
1966,/worldcup/matches/round=239/match=1577/index.html#nosticky
1966,/worldcup/matches/round=239/match=1660/index.html#nosticky
1966,/worldcup/matches/round=239/match=1676/index.html#nosticky
1966,/worldcup/matches/round=239/match=1702/index.html#nosticky
1966,/worldcup/matches/round=536/match=1659/index.html#nosticky
1966,/worldcup/matches/round=536/match=1635/index.html#nosticky
1966,/worldcup/matches/round=3479/match=1709/index.html#nosticky
1966,/worldcup/matches/round=3478/match=1633/index.html#nosticky
1962,/worldcup/matches/round=231/match=1479/index.html#nosticky
1962,/worldcup/matches/round=231/match=1461/index.html#nosticky
1962,/worldcup/matches/round=231/match=1447/index.html#nosticky
1962,/worldcup/matches/round=231/match=1473/index.html#nosticky
1962,/worldcup/matches/round=231/match=1563/index.html#nosticky
1962,/worldcup/matches/round=231/match=1498/index.html#nosticky
1962,/worldcup/matches/round=231/match=1490/index.html#nosticky
1962,/worldcup/matches/round=231/match=1507/index.html#nosticky
1962,/worldcup/matches/round=231/match=1564/index.html#nosticky
1962,/worldcup/matches/round=231/match=1462/index.html#nosticky
1962,/worldcup/matches/round=231/match=1450/index.html#nosticky
1962,/worldcup/matches/round=231/match=1472/index.html#nosticky
1962,/worldcup/matches/round=231/match=1478/index.html#nosticky
1962,/worldcup/matches/round=231/match=1497/index.html#nosticky
1962,/worldcup/matches/round=231/match=1470/index.html#nosticky
1962,/worldcup/matches/round=231/match=1510/index.html#nosticky
1962,/worldcup/matches/round=231/match=1562/index.html#nosticky
1962,/worldcup/matches/round=231/match=1460/index.html#nosticky
1962,/worldcup/matches/round=231/match=1451/index.html#nosticky
1962,/worldcup/matches/round=231/match=1471/index.html#nosticky
1962,/worldcup/matches/round=231/match=1480/index.html#nosticky
1962,/worldcup/matches/round=231/match=1544/index.html#nosticky
1962,/worldcup/matches/round=231/match=1464/index.html#nosticky
1962,/worldcup/matches/round=231/match=1532/index.html#nosticky
1962,/worldcup/matches/round=232/match=1474/index.html#nosticky
1962,/worldcup/matches/round=232/match=1459/index.html#nosticky
1962,/worldcup/matches/round=232/match=1525/index.html#nosticky
1962,/worldcup/matches/round=232/match=1511/index.html#nosticky
1962,/worldcup/matches/round=514/match=1559/index.html#nosticky
1962,/worldcup/matches/round=514/match=1458/index.html#nosticky
1962,/worldcup/matches/round=3481/match=1475/index.html#nosticky
1962,/worldcup/matches/round=3480/match=1463/index.html#nosticky
1958,/worldcup/matches/round=220/match=1415/index.html#nosticky
1958,/worldcup/matches/round=220/match=1372/index.html#nosticky
1958,/worldcup/matches/round=220/match=1323/index.html#nosticky
1958,/worldcup/matches/round=220/match=1407/index.html#nosticky
1958,/worldcup/matches/round=220/match=1386/index.html#nosticky
1958,/worldcup/matches/round=220/match=1434/index.html#nosticky
1958,/worldcup/matches/round=220/match=1326/index.html#nosticky
1958,/worldcup/matches/round=220/match=1421/index.html#nosticky
1958,/worldcup/matches/round=220/match=1339/index.html#nosticky
1958,/worldcup/matches/round=220/match=1418/index.html#nosticky
1958,/worldcup/matches/round=220/match=1423/index.html#nosticky
1958,/worldcup/matches/round=220/match=1388/index.html#nosticky
1958,/worldcup/matches/round=220/match=1332/index.html#nosticky
1958,/worldcup/matches/round=220/match=1391/index.html#nosticky
1958,/worldcup/matches/round=220/match=1324/index.html#nosticky
1958,/worldcup/matches/round=220/match=1406/index.html#nosticky
1958,/worldcup/matches/round=220/match=1438/index.html#nosticky
1958,/worldcup/matches/round=220/match=1344/index.html#nosticky
1958,/worldcup/matches/round=220/match=1389/index.html#nosticky
1958,/worldcup/matches/round=220/match=1403/index.html#nosticky
1958,/worldcup/matches/round=220/match=1426/index.html#nosticky
1958,/worldcup/matches/round=220/match=1387/index.html#nosticky
1958,/worldcup/matches/round=220/match=1327/index.html#nosticky
1958,/worldcup/matches/round=220/match=1325/index.html#nosticky
1958,/worldcup/matches/round=220/match=1373/index.html#nosticky
1958,/worldcup/matches/round=220/match=1422/index.html#nosticky
1958,/worldcup/matches/round=220/match=1408/index.html#nosticky
1958,/worldcup/matches/round=221/match=1345/index.html#nosticky
1958,/worldcup/matches/round=221/match=1392/index.html#nosticky
1958,/worldcup/matches/round=221/match=1437/index.html#nosticky
1958,/worldcup/matches/round=221/match=1385/index.html#nosticky
1958,/worldcup/matches/round=488/match=1390/index.html#nosticky
1958,/worldcup/matches/round=488/match=1340/index.html#nosticky
1958,/worldcup/matches/round=3483/match=1382/index.html#nosticky
1958,/worldcup/matches/round=3482/match=1343/index.html#nosticky
1954,/worldcup/matches/round=211/match=1315/index.html#nosticky
1954,/worldcup/matches/round=211/match=1236/index.html#nosticky
1954,/worldcup/matches/round=211/match=1249/index.html#nosticky
1954,/worldcup/matches/round=211/match=1276/index.html#nosticky
1954,/worldcup/matches/round=211/match=1283/index.html#nosticky
1954,/worldcup/matches/round=211/match=1294/index.html#nosticky
1954,/worldcup/matches/round=211/match=1240/index.html#nosticky
1954,/worldcup/matches/round=211/match=1300/index.html#nosticky
1954,/worldcup/matches/round=211/match=1313/index.html#nosticky
1954,/worldcup/matches/round=211/match=1238/index.html#nosticky
1954,/worldcup/matches/round=211/match=1275/index.html#nosticky
1954,/worldcup/matches/round=211/match=1252/index.html#nosticky
1954,/worldcup/matches/round=211/match=1277/index.html#nosticky
1954,/worldcup/matches/round=211/match=1304/index.html#nosticky
1954,/worldcup/matches/round=211/match=1263/index.html#nosticky
1954,/worldcup/matches/round=211/match=1243/index.html#nosticky
1954,/worldcup/matches/round=211/match=1284/index.html#nosticky
1954,/worldcup/matches/round=211/match=1301/index.html#nosticky
1954,/worldcup/matches/round=212/match=1264/index.html#nosticky
1954,/worldcup/matches/round=212/match=1237/index.html#nosticky
1954,/worldcup/matches/round=212/match=1285/index.html#nosticky
1954,/worldcup/matches/round=212/match=1248/index.html#nosticky
1954,/worldcup/matches/round=462/match=1233/index.html#nosticky
1954,/worldcup/matches/round=462/match=1295/index.html#nosticky
1954,/worldcup/matches/round=3485/match=1239/index.html#nosticky
1954,/worldcup/matches/round=3484/match=1278/index.html#nosticky
1950,/worldcup/matches/round=208/match=1187/index.html#nosticky
1950,/worldcup/matches/round=208/match=1192/index.html#nosticky
1950,/worldcup/matches/round=208/match=1208/index.html#nosticky
1950,/worldcup/matches/round=208/match=1219/index.html#nosticky
1950,/worldcup/matches/round=208/match=1230/index.html#nosticky
1950,/worldcup/matches/round=208/match=1188/index.html#nosticky
1950,/worldcup/matches/round=208/match=1225/index.html#nosticky
1950,/worldcup/matches/round=208/match=1193/index.html#nosticky
1950,/worldcup/matches/round=208/match=1228/index.html#nosticky
1950,/worldcup/matches/round=208/match=1202/index.html#nosticky
1950,/worldcup/matches/round=208/match=1191/index.html#nosticky
1950,/worldcup/matches/round=208/match=1199/index.html#nosticky
1950,/worldcup/matches/round=208/match=1218/index.html#nosticky
1950,/worldcup/matches/round=208/match=1185/index.html#nosticky
1950,/worldcup/matches/round=208/match=1222/index.html#nosticky
1950,/worldcup/matches/round=208/match=1194/index.html#nosticky
1950,/worldcup/matches/round=209/match=1207/index.html#nosticky
1950,/worldcup/matches/round=209/match=1189/index.html#nosticky
1950,/worldcup/matches/round=209/match=1186/index.html#nosticky
1950,/worldcup/matches/round=209/match=1231/index.html#nosticky
1950,/worldcup/matches/round=209/match=1206/index.html#nosticky
1950,/worldcup/matches/round=209/match=1190/index.html#nosticky
1938,/worldcup/matches/round=206/match=1165/index.html#nosticky
1938,/worldcup/matches/round=206/match=1173/index.html#nosticky
1938,/worldcup/matches/round=206/match=1146/index.html#nosticky
1938,/worldcup/matches/round=206/match=1156/index.html#nosticky
1938,/worldcup/matches/round=206/match=1179/index.html#nosticky
1938,/worldcup/matches/round=206/match=1150/index.html#nosticky
1938,/worldcup/matches/round=206/match=1172/index.html#nosticky
1938,/worldcup/matches/round=206/match=1157/index.html#nosticky
1938,/worldcup/matches/round=206/match=1166/index.html#nosticky
1938,/worldcup/matches/round=429/match=1152/index.html#nosticky
1938,/worldcup/matches/round=429/match=1175/index.html#nosticky
1938,/worldcup/matches/round=429/match=1158/index.html#nosticky
1938,/worldcup/matches/round=429/match=1164/index.html#nosticky
1938,/worldcup/matches/round=429/match=1153/index.html#nosticky
1938,/worldcup/matches/round=3489/match=1176/index.html#nosticky
1938,/worldcup/matches/round=3489/match=1149/index.html#nosticky
1938,/worldcup/matches/round=3488/match=1151/index.html#nosticky
1938,/worldcup/matches/round=3487/match=1174/index.html#nosticky
1934,/worldcup/matches/round=204/match=1104/index.html#nosticky
1934,/worldcup/matches/round=204/match=1119/index.html#nosticky
1934,/worldcup/matches/round=204/match=1133/index.html#nosticky
1934,/worldcup/matches/round=204/match=1102/index.html#nosticky
1934,/worldcup/matches/round=204/match=1108/index.html#nosticky
1934,/worldcup/matches/round=204/match=1111/index.html#nosticky
1934,/worldcup/matches/round=204/match=1135/index.html#nosticky
1934,/worldcup/matches/round=204/match=1141/index.html#nosticky
1934,/worldcup/matches/round=418/match=1143/index.html#nosticky
1934,/worldcup/matches/round=418/match=1129/index.html#nosticky
1934,/worldcup/matches/round=418/match=1122/index.html#nosticky
1934,/worldcup/matches/round=418/match=1106/index.html#nosticky
1934,/worldcup/matches/round=418/match=1123/index.html#nosticky
1934,/worldcup/matches/round=3492/match=1107/index.html#nosticky
1934,/worldcup/matches/round=3492/match=1130/index.html#nosticky
1934,/worldcup/matches/round=3491/match=1105/index.html#nosticky
1934,/worldcup/matches/round=3490/match=1134/index.html#nosticky
1930,/worldcup/matches/round=201/match=1096/index.html#nosticky
1930,/worldcup/matches/round=201/match=1090/index.html#nosticky
1930,/worldcup/matches/round=201/match=1093/index.html#nosticky
1930,/worldcup/matches/round=201/match=1098/index.html#nosticky
1930,/worldcup/matches/round=201/match=1085/index.html#nosticky
1930,/worldcup/matches/round=201/match=1095/index.html#nosticky
1930,/worldcup/matches/round=201/match=1092/index.html#nosticky
1930,/worldcup/matches/round=201/match=1097/index.html#nosticky
1930,/worldcup/matches/round=201/match=1099/index.html#nosticky
1930,/worldcup/matches/round=201/match=1094/index.html#nosticky
1930,/worldcup/matches/round=201/match=1086/index.html#nosticky
1930,/worldcup/matches/round=201/match=1091/index.html#nosticky
1930,/worldcup/matches/round=201/match=1089/index.html#nosticky
1930,/worldcup/matches/round=201/match=1100/index.html#nosticky
1930,/worldcup/matches/round=201/match=1084/index.html#nosticky
1930,/worldcup/matches/round=202/match=1088/index.html#nosticky
1930,/worldcup/matches/round=202/match=1101/index.html#nosticky
1930,/worldcup/matches/round=405/match=1087/index.html#nosticky
